<?xml version="1.0" encoding="UTF-8"?>
<project-private xmlns="http://www.netbeans.org/ns/project-private/1">
    <editor-bookmarks xmlns="http://www.netbeans.org/ns/editor-bookmarks/2" lastBookmarkId="0"/>
    <open-files xmlns="http://www.netbeans.org/ns/projectui-open-files/2">
        <group>
            <file>file:/C:/Users/MRuser/Documents/NetBeansProjects/JavaProgram/src/javapack/Ifdemo.java</file>
            <file>file:/C:/Users/MRuser/Documents/NetBeansProjects/JavaProgram/src/contruct/Movie.java</file>
            <file>file:/C:/Users/MRuser/Documents/NetBeansProjects/JavaProgram/src/javapack/IfelseDemo.java</file>
            <file>file:/C:/Users/MRuser/Documents/NetBeansProjects/JavaProgram/src/packro/consover.java</file>
            <file>file:/C:/Users/MRuser/Documents/NetBeansProjects/JavaProgram/src/contruct/Student5.java</file>
            <file>file:/C:/Users/MRuser/Documents/NetBeansProjects/JavaProgram/src/packro/classro.java</file>
            <file>file:/C:/Users/MRuser/Documents/NetBeansProjects/JavaProgram/src/packro/Test.java</file>
            <file>file:/C:/Users/MRuser/Documents/NetBeansProjects/JavaProgram/src/packro/Student2.java</file>
            <file>file:/C:/Users/MRuser/Documents/NetBeansProjects/JavaProgram/src/packro/Bike.java</file>
            <file>file:/C:/Users/MRuser/Documents/NetBeansProjects/JavaProgram/src/newpackage/ForDemo.java</file>
        </group>
    </open-files>
</project-private>
